DROP TABLE IF EXISTS "Canciones";
CREATE TABLE "Canciones" ("ID_CANCION" INTEGER, "TITULO" VARCHAR, "DURACION" VARCHAR, "COMENTARIOS" VARCHAR, "URL" VARCHAR, "LETRA" VARCHAR);
INSERT INTO "Canciones" VALUES(5,'Per-fec-ta','',NULL,'http://www.luisramiro.com/Canciones/PERFECTA.mp3','Esas marquitas que hay en tus piernas
que te acomplejan si vas sin medias
son las estrellas de mi universo
las que me guían cuando me pierdo
las que me alumbran cuando navego.

Que gracia me haces cuando me cuentas
''Amor, mis tetas son tan pequeñas''
y yo pregunto si es grande el viento
y qué tamaño tiene el invierno
Qué coño importa si son perfectos

Como la vida, si voy contigo
Como la muerte, si es a tu lado
Como tu boca tapando el frío
Perfecta. Como una madre besando a un hijo.

Eres perfecta y aún así 
no te das cuenta
Perfecta; perfecta; perfecta.
Eres perfecta como el Sol, como la Tierra
Perfecta; perfecta; perfecta.

Esos dos brazos no te los tapes
no seas tan tonta si tú ya sabes
que son las alas de mi esperanza
mis dos caminos para ir casa 
el contrapeso de mi balanza

Con tu sonrisa yo enciendo el mundo
miro tu culo y veo el futuro
en esos ojos yo me hago el muerto
en tus dos labios llego hasta el cielo
tengo tan claro que son perfectos

Como la vida, si voy contigo
Como la muerte, si es a tu lado
Como tu boca tapando el frío
Perfecta. Como una madre besando a un hijo.

Eres perfecta y aún así 
no te das cuenta
Perfecta; perfecta; perfecta.
Eres perfecta como el Sol, como la Tierra
Perfecta; perfecta; perfecta.');
INSERT INTO "Canciones" VALUES(6,'K.O Boy','',NULL,'','K.O.Boy 
 Ahora que estas lejos  sé que soy algo más viejo, y en mi casa  ¿quién se acuerda de regar las plantas?, mis nuevas amantes ni se acercan a lo que me dabas. Me despierto en el sofá, ¿era esto la libertad?, mi vida a veces pasa como un video musical. Y ahora tengo que intentar componer un poco más canciones que no digan: ''corazón, amor, ni mar'', ni hablar de ti, ni imaginar qué harás este fin de semana, con quién elegirás playa o montaña, ya no hay mensajes tuyos en el foro de mi página.   Ahora soy un llanero solitario, un K.O.Boy perdido en el asfalto de la gran ciudad, con armas de juguete para disparar. Ahora soy un llanero solitario, un K.O.Boy perdido que perdió las ganas de llorar soy el mas rwápido de toda toda la ciudad, siempre al Oeste de mi soledad.  Tengo mucho miedo para ser torero, siempre veo las bodas escondido desde el burladero, todo el valor se fue con las cornadas que me dieron. Y voy con el sombrero de compañero... 
Ahora soy un llanero solitario, un K.O.Boy perdido en el asfalto de la gran ciudad, con armas de juguete para disparar. Ahora soy un llanero solitario, un K.O.Boy perdido que perdió las ganas de llorar soy el mas rwápido de toda, toda la ciudad, siempre al Oeste de mi soledad. 
Tengo un caballo de madera, voy galopando en la pradera, 
vamos deprisa pero sin prisa, y por donde pisa ya no crecen las aceras,
 voy quemando las banderas, le hago un nudo a las fronteras,
 soy Don Quijote sin Sancho, mi rancho está en el culo de la primavera,
 y le puedes preguntar a los viejos de la ciudad, 
si me buscas estaré al Oeste de la soledad.');
INSERT INTO "Canciones" VALUES(7,'Flor de invernadero','',NULL,'','Flor de invernadero 

Son las 3 de la mañana,
piso hielo en el camino,
los taxis son murciélagos
volando a ras de olvido.
Se ha quemado un rascacielos, 
se quemó conmigo dentro,
escribí en cada despacho 
mi epitafio y siete versos para ti, 
boquita de serpiente,
regálame tu suerte,
cumplo años en abril
y soy feliz, triste feliz.

Riega mi dolor, riega mi dolor,
riega mi dolor y cuéntame un secreto.
Riega mi dolor, riega mi dolor,
riégame soy una flor de invernadero.

Las ciudades son iguales, 
nunca dejes que te engañen,
todas tienen asesinas, oficinas, carnavales,
matrimonios aburridos, adivinos sin destino,
camareros que soñaron ser astronautas de niño,
y el mandil de todas las abuelas
lleva escrito en sus manchas el amor sobre esta tierra,
soy feliz, triste feliz...

Riega mi dolor, riega mi dolor,
riega mi dolor y cuéntame un secreto.
Riega mi dolor, riega mi dolor,
riégame soy una flor de invernadero.

El sol en la cara, el llanto de madrugada, 
decir la verdad o esperarse a mañana,
mcdonald o burguer, tu cara, mis cruces,
¿qué dice el silencio si apagas las luces?.
Exámen en blanco, suspenso en pasado, 
la vida se pasa esperando en un banco del parque
y el arte no enseña a mirarte por dentro.
Enseñas el tanga, escondes el alma,
enseñas el tanga, escondes el alma, el tanga, el alma....

Riega mi dolor, riega mi dolor,
riega mi dolor y cuéntame un secreto.
Riega mi dolor, riega mi dolor,
riégame soy una flor de invernadero.');
INSERT INTO "Canciones" VALUES(8,'Miguelito III','',NULL,'','MIGUELITO TRES


Miguelito, ya se han ido los soldados,
y tú buscando un corazón en los puestos del mercado.
Miguelito se ha hecho un nido en el andamio
y en el nuevo vecindario hay dos parejas
de ratones y un palomo divorciado.

¿Por qué lloras, por qué estás llorando, Miguelito?
¿Te has enterado que las sirenas
se nos han muerto en el mar?
Las sirenas se nos han muerto en el mar...

Y llueven, llueven lágrimas, lágrimas, lágrimas
de Miguelito por soñar que esta vida es de mentira
y duele mucho más al despertar.

Miguelito se ha encontrado con la muerte
en un tejado, no era a ella a quién buscaba,
pero él se ha enamorado.

¿Por qué sufres? 
Ven aquí un segundo y no des más vueltas a 
la vuelta del mundo,
si esta guerra ya no se puede parar,
esta guerra ya no se puede parar...

Y llueven, llueven lágrimas, lágrimas, lágrimas
de Miguelito por soñar que esta vida es de mentira
y duele mucho más al despertar.');
INSERT INTO "Canciones" VALUES(9,'Cuerpos a la deriva','',NULL,'','Cuerpos a la deriva 
Leo poesía, me hago un dedo, me como un caramelo,
cambio la tele y meto al micro un plato con 3 deseos,
me pruebo una falda, me depilo los nervios,
me atrevo a llamarle o me aliso el pelo.
Mando un mensaje, tal vez baje algún ángel del cielo,
dentro de un rato fregaré los platos y los recuerdos,
                 me tumbo en el suelo y me desconecto,
prohibida en el messenger y en mis sueños,
le cambio las entrañas por un beso.
Si ella no llama no hay nada, no seré yo el primero, 
ahora me afeito contra el viento y luego me consuelo,
me pongo una porno y subo hasta el cielo,
me arranco las manos contra el firmamento.
Miro en el hueco del aire porque no me queda nada, 
somos dos cuerpos en la multitud de asesinos sin coartada...
Son cuerpos a la deriva, en el naufragio de la soledad,
Son cuerpos a la deriva que ya no saben por donde nadar.
Sé que estoy sola y no me importa ahogarme entre las olas de la bañera porque sé que ahora él esta con otra, me pinto las uñas, le pego al espejo, no aguanto esperando en este desierto. 
Ella esta loca y yo estoy loco por seguirle el juego, voy a borrar su nombre de este muro de los lamentos, me pego otra ducha y salgo corriendo detrás de mis malos pensamientos,
Miro en el hueco del aire porque no me queda nada somos dos cuerpos en la multitud de asesinos sin coartada.
Son cuerpos a la deriva, en el naufragio de la soledad, 
son cuerpos a la deriva que ya no saben por donde nadar.');
INSERT INTO "Canciones" VALUES(10,'La sirena','',NULL,'','La sirena 
 Era una noche de playa de esas serenas, donde las parejas se llenan de arena 
y los chiringuitos se quedan dormidos después de trabajar…
bañadores y toallas soñando tendidos en balcones que dan al mar…
matrimonios con niños por el paseo marítimo y yo, sentado solito,
 pensando cómo estaría la gente ahora en la ciudad…yo, por mi parte, muy agustito…
hasta que pasó lo que os voy a contar… De repente, aparece por la orilla no se si un sueño o una maravilla,
 una chica desnuda y me tuve que pellizcar..”do you speak english?” -le dije-”
no me he perdido, tranquilo” me contestó, “soy una sirena,
 como esas de los cuentos que te contaron, no se si tan guapa como nos pintan,
 pero como ves no estoy mal…sólo tengo esta noche y antes de que salga el sol tendré que regresar,
 estas piernas son sólo un regalito temporal”… Le presté mi camiseta, con la toalla se hizo una falda, 
fuimos al piso, una amiga le prestó ropa
 y salimos a navegar por las calles de las que tanto había oído nombrar..”
 no quiero visitas turísticas “- dijo- “llevame a ver la gente, 
a ver como ríen, hablan, se enamoran…llévame a bailar…
esas cosas con las que sueño en el fondo del mar” Así que allá nos fuimos, de bares de copas…la música, el ruido y pasaban las horas…
y ella estaba como loca de felicidad.. “sólo me falta una cosa y lo sabes” 
me dijo “que me enseñes a besar” y en mitad de aquella pista, de esa discoteca, entre guiris tostados
 y canciones horteras la fui a besar, insato de mi, porque hay fronteras que no se deben cruzar…  Y comprendí que los besos que dan las sirenas son besos y nada más, pero eso sí, con extra de sal… Y la luz de las estrellas fue testigo ocular del amor imposible entre la tierra y el mar… Ya queda poco tiempo, volvimos de la mano un poco borrachos, y en la arena se culminó lo que había que culminar.. “Ay, no se qué tengo aquí dentro del pecho, que no me quiero marchar” “No te preocupes, cariño- le dije- lo que te duele no es grave y se pasa, durará algunos días, pero es bastante normal” “No me olvides” me repitió mientras desaparecía en el mar.. Yo volví a mi piso, pasé como pude el verano con los amigos, y luego otra vez de nuevo, de regreso a la ciudad…y ahora, cada vez que como con gente, me dicen “ por qué le pones a las comidas tanta sal?” Y comprendí que los besos que dan las sirenas son besos y nada más, pero eso sí, con extra de sal… Y la luz de las estrellas fue testigo ocular del amor imposible entre la tierra y el mar… Comprendí que los besos que dan las sirenas son besos y nada más.. Pero a veces… Pero a veces… Escuecen igual que los demás…  ');
INSERT INTO "Canciones" VALUES(11,'Descafeinado (con Lichis)','',NULL,'','Descafeinado 

Te cojo, te mojo, te arranco, 
te ahogo en el café del desayuno y no me apuro,
ni sangro ni dudo, ni pincho ni corto, 
que lo mismo me da un sombrero que un embudo,
joder, hay que ver, a estas alturas ya no puedo aprender a hacer el nudo del ahorcado,
la has cagado ''de vellón'', 
has aplastao mi corazón 
y encima sin un duro me has dejao desafinado,
tirado en el ancho mundo...


Descafeinado, descolorido, escribiendo tu nombre completo en los formularios, con los amigos 
espiando a las dependientas del Zara,
tu cara se me aparece en las rebajas...
y me hace un guiño.


Te miro de reojo y casi me saltas un ojo, 
y freno que me estrello,
que el semáforo en rojo de tu habitación 
me pone mala cara
y me dice que no...
que no me pase...que no derrape...
que dé la vuelta y vuelva más tarde...
que no pregunte...que no haga cruces...
que no me ponga el traje de luces...
y ahora, ni felices ni raciones de perdices...

Ya no subo a tu ventana,
este príncipe se ha vuelto a convertir en rana,
me llamas y me cuelgo de las ramas,
me pica hasta el pijama
que voy, que vengo, de camino me entretengo,
tus ojitos me espantan,las nubes se levantan,
que voy, que voy, que llamas, que llamas...

la has cagado ''de vellón'', has aplastao mi corazón
y encima sin un duro, me has dejao destartalado,
tirado en el ancho mundo...
Descafeinado, descolorido, escribiendo tu nombre completo en los formularios, con los amigos 
espiando a las dependientas del Zara,
tu cara se me aparece en las rebajas...

Descafeinado, descontrolado, 
poniendo velas a tu foto en el relicario, 
qué calvario, rebusco entre discos piratas y encuentro tu cara, entre la almohada y las legañas,
y me hace un guiño...');
INSERT INTO "Canciones" VALUES(12,'Humano','',NULL,'','Humano 
 Tengo, la tripa encarcelada, la boca sin ventanas, los ojos con cerrojos, el pelo entre las llamas, la sangre en las aceras, agárrate a mis venas si navegas que en el pecho tengo el centro de la tierra. Un niño en mis entrañas que llora y da patadas cogiendo mis pulmones se ha hecho un par de alas. La lengua es un desierto, se ha congelado el viento y el aliento ahora se cuela por los poros de mi espalda, colgado en las pestañas  un folio sin palabras, yo soy sólo un idiota que canta y no sabe nada, sin nada en la guantera , desnudo en la batalla.  Humano, demasiado humano entre la gente,  humano, pero acompañado  si vines a verme.  Tengo a carlos en la oreja, un mundo en cada ceja, consejos de mi padre  en la esquina de mi cabeza. Costillas derrumbadas al paso de tu falda, riñones aguantando el peso de la madrugada. Un nudo entre los dedos para agarrarme el tiempo, arrugas donde guardo  bajo llave los recuerdos. Bombillas en los ojos que alumbran lo que veo, reuma por los charcos que dejaron tantos besos tirados por el suelo,  mi sombra en el espejo...  Humano, demasiado humano entre la gente,  humano, pero acompañado  si vines a verme.  Bébete las lagrimas que ahogan mis sonrisas, cose los fracasos que destrozan mis camisas. Entre las piernas tengo una tienda, cuando apareces siempre esta abierta, te vendo amores verdaderos en conserva. Rompe los fracasos que destrozan las verdades, los miedos infantiles que ocultamos siendo grandes. En el abismo, tengo un amigo que hace una hogura cuando hace frío, y si amenaza la tormenta nos reimos...');
INSERT INTO "Canciones" VALUES(13,'Anclado en la estación','',NULL,'','Anclado en la estacion 

Te has anclado en la estación 
y tu rostro se diluye 
por las páginas en blanco de mi vida 
y aún no sé si el tren se partió en dos 
o era mi alma que lloraba flores muertas 
o el delirio quién lloró,
o era lluvia o fue tu piel
o el cielo en alto, o las calles o los perros 
o la nieve en tu portal...

Me impediste concretar la despedida, 
y te fuiste tan deprisa que no pude respirar
ni agarrarme a la ciudad, que todo se hundía...
y vi el mar en la Gran Vía y soñé con navegar, 
y soñé con naufragar entre las mantas 
que me echaste por encima aquella noche que llegué tan desnudo, tan así, tan imperfecto, 
y ahora doy a los mendigos el adiós que no te di...
y me duermo en la estación...

Te has anclado en la estación 
y tus ojos se diluyen entre lágrimas gigantes
que explotaban al caer...
alguien tiene que perder cuando se juega,
sólo quise verte muerta y enterrada en un papel...
tu recuerdo en un papel, en una carta, 
junto a todos los poemas que un invierno te escribí.

Tanto frío y un dolor que no se borra, 
que le duele hasta a mi sombra
cuando le roza tu voz...
y ahora duermo en la estación...');
INSERT INTO "Canciones" VALUES(14,'Castigado en el cielo','',NULL,'','Castigado en el cielo 

Se me fundió la luz de las farolas
y en mi tejado aparecen rompiendo las olas,
tengo un pañuelo abierto en los bolsillos, 
por si los grillos me dicen que lloras.
Vuelta y vuelta, la luna en la sartén para comer,
¿Qué te cuesta pintarme un corazón en la pared?. 
te voy a hacer lo que me hiciste un verano... 
Vamos a corrernos a un lado 
que pasa el tren, pasó tanto tanto tiempo 
que escribí esta canción tapando el hueco que deja 
el sexo sin amor, esperando el sol...

Estoy viendo pasar el viento y diciéndole adiós, 
pidiéndole al silencio que baje la voz... 
castigado en el cielo... 
Estoy como una bala sin dirección 
¿dónde voy yo? castigado en el cielo...

Ahora que en nuestra cama se duerme la ansiedad,
que hay gente que cobra por escuchar, 
te presto mi escudo, mi espada y mi alma, 
porque la soledad se pone de rodillas al verte llegar,
llévame hasta el parque, enséñame a bailar, 
te voy a esperar.

Estoy viendo pasar el tiempo y diciéndole
adiós, pidiéndole al silencio que baje la voz... 
castigado en el cielo...
Estoy como una bala sin dirección 
¿dónde voy yo? castigado en el cielo...');
INSERT INTO "Canciones" VALUES(15,'Las 4 estaciones','',NULL,'','Las cuatro estaciones 

Tú tenías veintitantos, teñida de rubia, 
un gato anoréxico, un póster de Rita Hayworth…
un calendario atrasado con días tachados 
y una vela encendida al santo patrón 
de la decepción, a la virgen de las despedidas…

Y aunque sabes que yo no nací
para ser el hombre de ninguna, 
me invitaste a subir a la luna…
”no te encapriches conmigo” dijíste
“y luego no pidas facturas”…
y en un quinto sin ascensor, en un colchón 
se disiparon las dudas…
Y pasó lo que pasa en tantas canciones, 
que esa noche duró lo que duran las cuatro estaciones…

No pasaron ni tres días..
”¿qué haces esta tarde?” un cine, una copa,
hay excusas que siempre valen 
para ocultar que los dos buscamos 
lo único que es importante…
“vamos a casa” dijiste “ 
que el mundo se acaba y se nos hace tarde”…

No me acuerdo ya de la última vez que la vi 
en una zona de bares, 
creo que estaba más rubia…
iba corriendo desesperada 
como huyendo de algo o de alguien, 
y yo seguí mi camino intentando olvidar 
el nombre de su calle…
Y pasó lo que ocultan tantas canciones, que a veces el amor no dura lo que duran las cuatro estaciones…');
INSERT INTO "Canciones" VALUES(16,'Ahora','',NULL,'','AHORA

Soy tu mentira piadosa,
tú eres mi verdad con frialdad,
entre tu cuerpo y mi cuerpo
lo que existe en medio es la soledad,
a quemarropa disparo y pregunto,
bajo tu ropa comienza el mundo,
dile al futuro que espere un segundo y...

Vente conmigo, te espero en el camino,
contigo este suelo es el cielo, vuelo
y entre tus piernas pienso aterrizar,
no hagas preguntas si sabes que nadie nadie
va a contestar,
me paso el día nadando en las dudas,
tú juras que el tiempo es la cura para olvidar,
hoy vente conmigo a navegar...

Ahora, Ahora,
que mañana habrá tiempo para llorar,
Ahora, Ahora,
y decir ''mañana'' es una eternidad,
Ahora, Ahora, 
si la vida te llama tú déjala entrar,
Ahora, Ahora,
yo contigo tú conmigo,
el recuerdo y el olvido,
voy contigo si vienes conmigo.

Tú estarás perdida en el fondo de un bar,
tocándote el pelo, riendo con nervios
para conquistar al guapo del pueblo
o a algún actor del montón que no sepa actuar,

pero sabes que al día siguiente
estarás sola cuando despiertes,
y esta vez las heridas duelen mucho más.

Ahora, Ahora,
que mañana habrá tiempo para llorar,
Ahora, Ahora,
y decir ''mañana'' es una eternidad,
Ahora, Ahora, 
si la vida te llama tú déjala entrar,
Ahora, Ahora,
yo contigo tú conmigo,
el recuerdo y el olvido,
voy contigo si vienes conmigo,
voy contigo si vienes conmigo,
voy contigo si vienes conmigo...

Te busco, te encuentro, me muero, te pierdo,
despierto y me voy con el viento a tu portal,
el cuento se acaba, la llama se apaga,
me llamas y vuelta a empezar.');
INSERT INTO "Canciones" VALUES(17,'La distancia','',NULL,'','La Distancia 


Va a llegar mi tren, ya puedo oler tu ciudad.
Llevo el pasaporte a punto de caducar,
un neceser de canciones, una bolsa de intenciones,
y dos maletas llenas hasta arriba de razones,
para verte desfilar por la estación con tus tacones.
Se enamora el revisor, se desmayan los vagones.
Descarrila el mundo y yo me hundo en el andén,
con el gesto de un idiota porque me vuelves a ver.***
Y tú estarás nadando en una taza de cafe,
ahogando las horas porque me vuelves a ver.
Y yo estaré volando en el paisaje, buscando las señales que digan...

Llegaré hasta donde haga falta.
La distancia, no tiene importancia
si acaba donde empiezan tus pies.
Viajaré en barco, en elefante, en tren.
La distancia, no tiene importancia
si acaba donde estés.

Va a salir mi tren, digo adiós a tu ciudad.
Mi pobre pasaporte ya no va a cicatrizar.
La vida es una estúpida difícil de entender
y las historias mas tristes son las que siempre acaban bien.
Y tú estarás nadando en una taza de cafe, 
(pensando que el futuro es un “tal vez”, 
soñando.......

Llegaré hasta donde haga falta.
La distancia, no tiene importancia
se acaba donde empiezan tus pies.
Viajaré en barco, en elefante, en tren.
La distancia, no tiene importancia
se acaba donde estés.

Que no tiene importancia,
que no tiene importancia,
la distancia es una trampa
que no tiene importancia.
Una ecuación de tiempo y velocidad,
que no tiene importancia.
Un enemigo casado con el olvido
que no tiene importancia.
Un hueco, un absurdo, un traspies, un espejo,
que no tiene importancia,
que no tiene importancia,
que no tiene importancia,
que no tiene importancia.');
INSERT INTO "Canciones" VALUES(18,'Romper','',NULL,'','ROMPER

Estoy temblando de frío 
pero me arden las entrañas,
Quizás me encuentre vacío 
o es que estoy lleno de nada.
Lleno de nada es lo mismo
que disparar contra el agua,
Desde que tú te marchaste
 no es habitable esta casa…

Ya he ordenado los libros, la ropa,      te has olvidado una falda,
Estoy borrando tus huellas del mapa,      que no quede nada, nada…

Romper, morirme si te vuelvo a ver,
Romper, sólo espero que no seas feliz con él,
No te atrevas a llamarme cruel.

Voy a seguir siendo el mismo con los amigos de siempre,
Cuando se acaba el concierto, al final se marcha la gente,
Y yo me quedo conmigo y los pocos que entienden,
Tú ya no vales la pena y no puedes mirarme de frente…

Ya he ordenado cuadernos y fotos, algunas voy a enterrarlas,
Estoy borrando tus huellas del mapa, que no quede nada, nada…

Romper, morirme si te vuelvo a ver,
Romper, sólo espero que no seas feliz con él,
No te atrevas a llamarme cruel., no te atrevas a llamarme otra vez…

Me he comprometido conmigo a no mirar de lado,
Sabes que el pasado es un catarro mal curado en la conciencia,
Y no existe la ciencia que cure la ausencia,
No queda más remedio que romper, no queda más remedio que romper…


Romper, morirme si te vuelvo a ver,
Romper, sólo espero que no seas feliz con él,
No te atrevas a llamarme cruel.');
INSERT INTO "Canciones" VALUES(19,'Diecisiete','',NULL,'','Diecisiete


Me llamas a las 6 de la mañana,
me juras que no estás borracha y me pides perdón,
te abro la puerta con ganas, es sólo una mala racha corazón,
vuélvete a la cama, las cosas por la mañana cambian de color,

Y hay un problema sin ecuación,
si a nuestras espinas les quitan las rosas, diecisiete heridas en la carne roja
para los dos, matemáticamente el amor es un error,
siempre fui de letras, así son las cosas, diecisiete heridas en la carne roja
para los dos, para los dos…

Prometes que es la última llamada, prometo no buscarte en otras camas,
por favor, no se puede olvidar a la reina jugando a las damas,
nooo, es una emboscada, una raiz cuadrada de la desolación,

Y hay un problema sin ecuación,
si a nuestras espinas les quitan las rosas, diecisiete heridas en la carne roja
para los dos, matemáticamente el amor es un error,
siempre fui de letras, así son las cosas, diecisiete heridas en la carne roja
para los dos, para los dos…

diecisiete heridas, diecisiete despedidas con su reconciliación,
diecisiete noches de alcohol, diecisiete canciones de rock,
diecisiete lágrimas en la esquina de tu habitación,
diecisiete verdades, diecisiete mentiras,
diecisiete veces repetido esto se acabó…esto se acabó…

Y hay un problema sin ecuación,
si a nuestras espinas les quitan las rosas, diecisiete heridas en la carne roja
para los dos, matemáticamente el amor es un error,
siempre fui de letras, así son las cosas, diecisiete heridas en la carne roja
para los dos, para los dos…');
INSERT INTO "Canciones" VALUES(20,'Relocos y recuerdos','',NULL,'','Relocos y recuerdos

Aún  me acuerdo de aquel bar de la Latina     
Donde te encontré llorando en el lavabo         
Unos chistes y a reír                                       
Dos gin tonics y un abrazo                              
Buenos Aires y Madrid                                  
Al final se han encontrado                              
Me dijiste entre las mantas de mi cuarto         
Y esa noche frenó en seco el calendario          


Por las tardes fueron parques y museos          
Por las noches nos quitábamos los miedos     
Eran días de guardar                                        
Eran noches de desvelos                                  
Tú pensabas que el amor                                  
Era poco más que un juego                              
Y una tarde me dijiste: yo me vuelvo                 
Y alguien apagó la risa en los espejos 

Y te fuiste huyendo como los pájaros del invierno,
Seré la excepción, mi dolor no lo cura el tiempo,
No estoy loco, estoy reloco por vos
No estoy cuerdo, es el recuerdo de tu voz

Tú buscabas un amante de entretiempo
Yo esperaba un corazón de cuerpo entero
Que distintos mi dolor
A tu te echaré de menos
Me dijiste chao my love
En argentina yo te espero
Y llovió en la terminal del aeropuerto
Y alguien apretó el botón del desconsuelo

Ahora que nadie me lleva a La Latina,
Ahora que nadie me dice mi gallego,
Hasta el mate que sobró
Creo que se lo llevó el viento
Al final, lo que quedó,
Medio falso y medio cierto
Solamente una canción de desencuentros 
Y la titulé relocos y recuerdos');
INSERT INTO "Canciones" VALUES(21,'El reloj','',NULL,'','El Reloj


Al final parece que Cupido nos dejó de disparar,
la solución más simple es la correcta, dice La Navaja de Ockam…
dejar de darle vueltas a lo nuestro y acabar,
pero hay momentos que nadie nos puede explicar…

Y la verdad, si todo es mentira la vida qué más da..
qué gran verdad, que quién más te quiere te hará llorar…

Estaré bien aunque olvidarte me cueste la vida
y el reloj se nos paró justo a la hora de la despedida
pero yo estaré bien…

Al final las cosas van a ser como contaban:
todo empieza, todo sigue y todo acaba.
Las canciones y los libros, las películas que vimos
explicaban que el amor es algo eterno y
el destino estaba escrito…tengo un lío y ahora dudo
con vuestro permiso…hay historias que nadie nos puede explicar…

Y la verdad, si todo es mentira la vida qué más da..
qué gran verdad, que quién más te quiere te hará llorar…

Estaré bien aunque olvidarte me cueste la vida
y el reloj se nos paró justo a la hora de la despedida

Y el dolor nos sorprendió, estaba oculto entre las bambalinas
del amor que se cayó y nos arrastró sin darnos tiempo
ni un momento a disfrazarnos y a pedir perdón…


Estaré bien aunque olvidarte me cueste la vida
y el reloj se nos paró justo a la hora de la despedida');
INSERT INTO "Canciones" VALUES(22,'Tonterias','',NULL,'','TONTERÍAS


No me refiero a casarme contigo,
Ya me conoces, yo no pego de marido,
No puedo darte una casa con perro y tres hijos.

No me refiero a matarnos de celos
Y preguntar “¿qué hiciste ayer,
A qué hora has vuelto?”
Y acabar siempre en el cine los domingos muertos.

Pero puedo dibujar el mar en tu espalda,
Ser tu capitán, romperte la falda,
Llevarte hasta Marte,  colgarte de una nube
Y coronarte con una anillo sideral…

Lo eres todo para mí,
Contigo me elevo ha');
INSERT INTO "Canciones" VALUES(23,'Te quiero y te odio','',NULL,'','Te quiero y Te odio

Yo espero que me invites a tu boda
Y que te escapes al baño conmigo
a la hora esa en que el novio y los padrinos
se abrazan diciéndose adiós.

Y si alguien nos encuentra diremos que no
y yo me dare cuenta de que el amor es un fraude
y el mundo es tan grande cariño
que no cabe en tu sujetador

Yo, que ayer quise ser ángel
y hoy me he vuelto un demonio
que he descubierto que del amor al odio
sólo hay un paso de cebra
cruza despierta, ten cuidado que no pase un camión

Tú que me escondiste el cielo bajo la alfombra
que no les metes mano a mi sombra
y yo duermo siempre en camas separadas con mi corazón.

Cada vez que respiro, se te hincha un pulmón
y yo me escondo en los cuadros de tu habitación
y cada vez que muero nos entierran los dos
y si te das por vencida, 
escucha el estribillo que da nombre a esta canción.

Qué importa perder o ganar,
o reír o llorar si al final
me paso el invierno esperando a que vengas a verme 
y no sé bien si besar o matar
o quemarnos vivos en el sofa

Te quiero y te odio, te busco y me escondo…

Estallaron las bolas de cristal
y al futuro se le olvido andar
y no te has enterado de que esta vida
no se puede rebobinar.

Cuántos cuellos se han roto al mirar atrás
Cuánta ropa tendida cayó al mar
y tú en el aeropuerto preguntando
¿Salen vuelos a nunca jamás?

Cada vez que respiro, se te hincha un pulmón
y yo me escondo en los cuadros de tu habitación
y cada vez que muero nos entierran los dos
y si te das por vencida, 
escucha el estribillo que da nombre a esta canción.

Qué importa perder o ganar,
o reír o llorar si al final
me paso el invierno esperando a que vengas a verme 
y no sé bien si besar o matar
o quemarnos vivos en el sofá…te quiero y te odio, te busco y me escondo…');
INSERT INTO "Canciones" VALUES(24,'Mientes','',NULL,'','Mientes


Tú eres un milagro y yo soy tan creyente
que me arrodillo ante tu imagen como un penitente,
hay un cañón bajo tu voz y un cuchillo entre los dientes…

No me lo expliques, no me convences,
se acaba el cuento y tú ya no eres la bella durmiente,
sabe a traición el beso de alcohol, tus verdades siempre mienten…

Y me he cansado del veneno de tu voz,
Se te atraganta el corazón…

Cierra la puerta que entra corriente,
últimamente se me cuelan las serpientes,
cierra los ojos si te arrepientes, ya sabes, presente que no ve
futuro que no siente…

me voy de aquí, Oh my darling Clementine,
Olvídate de mi…

Mientes, mientes, y me he cansado del veneno de tu voz
Mientes, mientes, se te atraganta el corazón…

Como un interrogante que nunca me pregunta
eres la exclamación que a estas alturas no me asusta,
yo soy el folio en blanco de todos tus dictados
y me he cansado del papel de alumno fracasado…

me voy de aquí, se secó la cicatriz,
Olvídate de mi…

Mientes, mientes, y me he cansado del veneno de tu voz
Mientes, mientes, se te atraganta el corazón…');
INSERT INTO "Canciones" VALUES(25,'Porno','',NULL,'','PORNO


Por no pedir perdón, por no llamarte, por no hacerlo peor.
Por no ser un cabrón, por olvidarte, por no hacerlo peor…
Por no hacerlo peor, por no hacerlo peor…
Provoqué el desastre, provoqué el desastre,
Provoqué el desastre de buscarte en cualquier parte,
De estrellarme por los bares y esconderme de la gente,
Es urgente, si me sientes haz señales con los dientes.

Por no saber mentir, por engañarte, por no consultar el parte
Acabé por empaparme en tu lluvia de plata, mujer, en tu pelo que arde…
Por no hacerlo peor, por no hacerlo peor…
Provoqué el desastre, provoqué el desastre,
Provoqué el desastre de buscarte en cualquier parte,
De estrellarme por los bares y esconderme de la gente,
Es urgente, si me sientes haz señales con los dientes,
Y olvidemos nuestras muertes, que la vida empieza en viernes
Y el dolor es una suerte, yo te quiero sin quererte…

Por no pedir perdón, por no llamarte, por no hacerlo mejor');
INSERT INTO "Canciones" VALUES(26,'Paraiso con gastos pagados','',NULL,'','PARAÍSO CON GASTOS PAGADOS

No me veo los folletines de la prensa rosa
pero sufro cuando pasas de lado 
y no puedo tocarte el culo,
yo no espero que me toquen los ciegos
ni sueño con cruceros, pero se me cae la baba
si me miras desde lejos,
si me alquilas un cuarto de besos
te traigo mis huesos en papel de caramelo...

Yo no intento contarte cuentos
en los que ganen los buenos,
ni ser el roto para el descosido de tus deseos,
no tengas miedo si te tiro a la cara
el corazón en cada concierto,
si te escribo canciones en folios ajenos,
si rompo las cerraduras de tu cuerpo...

Cuando te quedas conmigo y me quitas la manta,
cuando duermes a mi lado todo se vuelve un paraíso con gastos pagados
Si desayunas conmigo en la cama el mundo entero se vuelve un regalo,
un paraíso con gastos pagados, un pasaporte sellado,
un caminito hasta el cielo, una iglesia de los pecados,
un día de fiesta y carnaval contra la soledad.

Yo no valgo para traer las cabezas
enemigas en bandejas de plata,
siempre me escondo en los bajos
fondos que hay bajo tu falda,
ayúdame a tomar las medidas exactas
de tus entrañas,
que quiero hacerle un traje
de invierno a tu alma,
que sólo quiero que pierdas la calma...

Cuando te quedas conmigo y me quitas la manta,
cuando duermes a mi lado todo se vuelve un paraíso con gastos pagados
Si desayunas conmigo en la cama el mundo entero se vuelve un regalo,
un paraíso con gastos pagados, un pasaporte sellado,
un caminito hasta el cielo, una iglesia de los pecados,
un día de fiesta y carnaval contra la soledad.');
INSERT INTO "Canciones" VALUES(27,'Esdrújulo','',NULL,'','ESDRÚJULO


Eres un peligro púbico, un hecho empírico
a la vez que un cuerpo mágico,
una fuente de calor en pleno Ártico,
acordarme de ti es sintomático.

Tu amor es tan orgánico,
llorar es automático sin ti me vuelvo
estático como un jersey eléctrico
que atrae todo el confeti que se cae
en cada fin de año...

Y soy un actor trágico y estoy
rígido y lánguido, el papel es 
esperpéntico y me toca hacer
de estúpido otra vez, rompo
un espejo sin querer del callejón del gato...

Tu cama es algo sísmico,
tu voz un sol magnético,
yo soy alérgico a tu adiós
tu cuerpo es mi antibiótico
quizás perder la razón sea lo más lógico...
Cuando huelo tu perfume por la calle
es catártico y lisérgico porque...

Sé que te vas y yo con cara de esdrújulo
no hay más, la esperanza es llana y no se ve el final...
En un renglón tu palabra más aguda es un adiós,
a este profesor no le queda corazón...

Rutina es mi anestésico
un amigo es un balsámico,
el futuro va de incógnito
escondido en los vagones de un tal vez,
sé de sobra que olvidar es lo más práctico,

Mi susto fue mayúsculo al saber 
que otros volaban por tu piel,
es terrorífico pensar que ellos
ocupan tu lugar, histórico y veraz
es cada beso que me das...
Cuando huelo tu perfume por la calle
es catártico y lisérgico porque...

Sé que te vas y yo con cara de esdrújulo
no hay más, la esperanza es llana y no se ve el final...
En un renglón tu palabra más aguda es un adiós,
a este profesor no le queda corazón...');
INSERT INTO "Canciones" VALUES(28,'Sálvame','',NULL,'','SÁLVAME


Soy vendedor de lagrimitas tontas, buen perdedor con alas cortas,
Curo el dolor, si vienes a verme hay un temblor, na na na na na na na na na,
Dejaré en el suelo el corazón…
Abrígame, sálvame de este frío mortal en la piel,
Abrígame y sálvame.
Soy escritor de tus historias rotas, guardo tu voz en mis canciones sordas,
Llevo tu herida escondida, dentro de mi boca hay un temblor, na na na na na na na na na
Dejaré en el suelo el corazón…
Abrígame, sálvame de este frío mortal en la piel,
Abrígame y sálvame.
Dejo una luz en el salón, el mapa de una constelación,
Búscame allí, me encontrarás lejos del sol.
Soy vendedor de lagrimitas tontas, buen perdedor con alas cortas,
Curo el dolor, si vienes a verme hay un temblor, na na na na na na na na na,
Dejaré en el suelo el corazón…');
INSERT INTO "Canciones" VALUES(29,'Mayo del 2002','',NULL,'','Mayo de 2002

Eran las fiestas de su barrio, Mayo de 2002, 
noches como esas  se merecen su canción.
-''¿Tienes un cigarro?''
-''¿Que me das a cambio?,y se pide por favor''
-''Yo te doy el mundo a largo plazo y a corto un trago de ron”
Y entonces se rió, se rió…
Después de mil copas y mil historias,
vimos parque sur desde la noria,
los coches de choque volaban por el cielo,
su pelo era un castillo flotante,
y el viento, empujando los barcos pirata
fue llevándose la madrugada y en un 206 recibimos con honores la mañana.
Escribimos la historia en el vaho de las ventanas,
el condón de mi cartera se durmió en su falda
Así acabó lo que empezaba y yo...

Descubrí, que vivir es ganarle batallas a la soledad.
Esta canción no habla de amor, ella estaba tan sola como yo, 
ella estaba tan sola como yo, tan sola como yo…

Después de dos años ayer en su barrio de nuevo me la encontré. 
Iba de la mano de un tío, y mi novia me preguntó -''¿esa quien es?”
-''La verdad no recuerdo la conozco pero ya no se de qué.
Vámonos a casa'', Tú estabas cansada 
-''y mira ya la hora que es… las 5 menos diez, menos diez…''

Esa noche en la cama dormí tan despierto,
soñando que algunos momentos son historias de un día
con destino a la melancolía,
historias que acaban en simples recuerdos.
Aunque os juro que aquello no lo cambio por lo que ahora tengo.
Pero os voy a contar un secreto,
las dos se merecían esta canción
una por una noche, otra por un millón
Así acabó lo que empezaba y yo...

Descubrí, que vivir es ganarle batallas a la soledad.
Esta canción no habla de amor,
ella estaba tan sola como yo, 
ella estaba tan sola como yo, tan sola que...

Descubrí, que vivir es ganarle batallas a la soledad.
Esta canción si habla de amor,
ellas estaban tan solas como yo, 
ellas estaban tan solas como yo, tan sola que...

Eran las fiestas de su barrio, Mayo del 2002.
Noches como esas se merecen su canción…');
INSERT INTO "Canciones" VALUES(30,'Elemento inestable','',NULL,'','Elemento Inestable   (Bonus Track)

Sólo soy un gatito infiel, nunca me porto bien,
corro deprisa detrás de cualquier mujer.
Tengo una herida (ya lo ves) difícil de curar,
pero ya te avisé “vete enseguida” y tú
quisiste saltar sin red.

Ya lo ves, soy un elemento inestable
como un gas, como una bomba nuclear
y mi sangre es un líquido inflamable.

Soy un poco perro, huelo y desentierro huesos
En ciudades donde nunca volveré,
calmo por los bares todas las enfermedades del instinto
y me empeño en no querer crecer.

Luego de vuelta hacia casa, el invierno, que pasa, me grita:
“cálmate”, y te llamo y te cuento mentiras a medias
y te vuelvo a querer.

Ya lo ves, soy un elemento inestable
como un gas, como una bomba nuclear
y mi sangre es un líquido inflamable.

Ya lo ves…');
INSERT INTO "Canciones" VALUES(31,'Aviones de papel','',NULL,'','AVIONES DE PAPEL


Sé que el ser humano tiende a recaer,
pisar la misma piedra una y otra vez 
soñando con el tiempo perdido.
Y sé que nos hicimos daño de tanto morder,
igual que dos vampiros que mueren de sed
y el sol nos obligó a tenernos que esconder.

Y después de odiarnos tanto tiempo quién nos va a querer,
si una mujer y un hombre son igual que aviones de papel.

Sí, si mueres tú primero iré después,
contigo como dos amantes de Teruel,
románticos y estúpidos todo a la vez.

Y después de odiarnos frente a frente quién nos va a querer,
si cada piel arrastra en cada surco el resto de otra piel.
Y después de todos estos años quién nos va a querer,
si una mujer y un hombre son igual que aviones de papel.');
INSERT INTO "Canciones" VALUES(32,'Campos de fresa','',NULL,'','CAMPOS DE FRESAS (THE FRUIT SONG)


Yo tengo un cerebro de melón y me dejé llevar por la emoción
de exprimir el zumo de tus caderas.
Y tú, tú me has pelado el corazón como una fruta fresca
y  lo enterraste en el congelador.
Yo planté semillas sobre tu colchón, sólo ha crecido un sauce llorón
y ortigas en tus sábanas muertas.
Y tú, con tu sonrisa triste limón no vas a agriarme toda esta pasión, 
¿no te das cuenta?

Que te dejé campos de fresas junto a la puerta,
Strawberry fields en tu jardín, hay una fiesta, 
el cielo es magenta y la orquesta baila para ti, 
campos de fresas, strawberry fields, campos de fresas.

Ven, coge el bikini, vamos a nadar,
que se ha cubierto de sandía todo el mar,
nunca fue tan dulce una marea.
Hoy la luna es sólo un plátano marrón,
nos la comemos en tu habitación,
están lloviendo cerezas.
Y tú, con tu esperanza de naranja en flor
no vas a agriarme toda esta pasión,
¿no te das cuenta?

Que te dejé campos de fresas junto a la puerta,
Strawberry fields en tu jardín, hay una fiesta, 
el cielo es magenta y la orquesta baila para ti, 
campos de fresas, strawberry fields, campos de fresas.

Campos de fresas, strawberry fields
“Living is easy with eyes closed”…');
INSERT INTO "Canciones" VALUES(33,'Pandora','',NULL,'','PANDORA

Sé que no soy el primero ni el último idiota 
que se juega la bolsa, la vida y el alma por ti,
el futuro contigo es seguir tu tacón de Pandora, 
el presente a tu lado un pasado del que huir.

Tengo que hacer testamento por si sobrevivo,
dejaré mi epitafio en tu ombligo pintado a carmín,
mi venganza es la torpe esperanza de los que han perdido,
la nostalgia es la única foto que guardo de ti.

No te voy a engañar, tengo poco que dar,
mis anhelos, mi rabia, mis fobias.
Soy un hombre normal, es la curiosidad
la que me hace perder tus formas,
la que me hace olvidar tus normas.

Eres mi fruta mortal, mi anticristo y mi diosa,
mi ascensión, mi caída,  mi sombrero de espinas rosa,
mi consuelo de tonto, mi canción para sordos,
mi estatua de sal, mi tesoro en el fondo del bar,
mi armadura hecha escombros.

Sé que no soy el primer ni el penúltimo idiota
que ha intentado atrapar una sombra con un calcetín,
fui tan necio de abrir de un tirón tu cajón de Pandora
y la ropa interior que olvidaste lloraba por ti.

No te voy a pedir, yo no soy de insistir,
mi riqueza es negar tus limosnas.
Ya no suelo jugar, pero quiero apostar
todo al número impar de tus botas,
todo al rojo Channel de tu boca.

Eres mi viuda formal, alfiler de mariposa,
virgencita lasciva, San atea, miss mantis religiosa,
mi consuelo de tonto, mi canción para sordos,
mi noche sin pan, mi tesoro en el fondo del bar,
mi armadura hecha escombros,
mi castillo en mil trozos.');
INSERT INTO "Canciones" VALUES(34,'Mañana nos casamos en Las Vegas','',NULL,'','MAÑANA NOS CASAMOS EN LAS VEGAS


Escápate conmigo no lo pienses más, mis manos van al pan
y convierten tu saliva en vino, tengo un amigo que me suele
contar: “Ramiro, si esta vida es un teatro habrá que improvisar”.
Así que coge tu sombrero, que yo te llevo a dónde quieras llegar,
te haré al amor en un Motel de carretera, tengo guardada una 
sorpresa en la cartera, es un anillo de cartón porque…
 
Mañana Nos casamos en Las Vegas,
provincia de Murcia corazón,
mañana nos casamos en Las Vegas, no hay luces de neón,
sólo una luna gigante de melocotón iluminando tu piel morena,
tostándonos a los dos.

No haré el ridículo vistiéndome de Elvis,
Si quieres nos ponemos de Lennon y de Yoko, o no, 
Mejor pasamos de disfraces y de inventos y en el juzgado
Nos besamos sin aliento, nos casará el alcalde y de testigos nos llevamos a dos perros, ya empiezo a oler la primavera porque

Mañana Nos casamos en Las Vegas,
provincia de Murcia corazón,
mañana nos casamos en Las Vegas, no hay luces de neón,
sólo una luna gigante de melocotón iluminando tu piel morena,
tostándonos a los dos.

No habrá banquetes ni regalos ni derroche,
nos comeremos dos bocatas en el coche, en el coche,
sin huir de nadie, sin persecuciones,
tú no te llamas Thelma y Luis aquí es un hombre,
y además recién casado contigo, te llevo al mar menor,
cenaremos en un chiringuito, ya empiezo a oler la primavera porque

Mañana Nos casamos en Las Vegas,
provincia de Murcia corazón,
mañana nos casamos en Las Vegas, no hay luces de neón,
sólo una luna gigante de melocotón iluminando tu piel morena,
tostándonos a los dos.');
INSERT INTO "Canciones" VALUES(35,'Dices','',NULL,'','DICES


Dices que yo ya no soy el mismo,
dices que la vida me cambió,
dices que hay historias infelices,
te equivocas cuando dices que no tienen solución.

Dices que lo nuestro es una trampa,
que maldita sea la estampa del día que nos unió,
dices que hay algunos errores que no se arreglan con flores
ni con canciones de amor..

Dices que no hay finales felices,
todo lo que acaba es triste y este cuento se acabó.
Dices sólo quedan cicatrices, que cortemos la raíces,
que el pasado ya pasó.

Dices que no crees en el destino,
dices que tu horóscopo falló,
dices que no vas a tentar la suerte,
creo que mientes cuando dices que no sientes lo que yo.

Dices que esta comedia se acaba, que no la convierta en drama,
que el teatro se quemó.
Dices que en mitad de una cama prometer  no cuesta nada,
son “te quieros” de ocasión.

Dices que no hay finales felices,
todo lo que acaba es triste y este cuento se acabó.
dices sólo quedan cicatrices, que cortemos la raíces,
que el pasado ya pasó.

Dices que en mitad de una cama prometer  no cuesta nada,
son “te quieros” de ocasión.

Dices que no hay finales felices,
todo lo que acaba es triste y este cuento se acabó.
dices sólo quedan cicatrices, que cortemos la raíces,
que el pasado ya pasó.');
INSERT INTO "Canciones" VALUES(36,'Mi buena suerte','',NULL,'','MI BUENA SUERTE



Eres los placeres que te arrastran aunque duelen
y así me quedo yo colgado en tus paredes,
bailan un tango mis lentillas cuando vienes
por un rato, que es la eternidad en barato
y me conviene hacerte caso, mis zapatos se acurrucan
en los pasos que has dejado hoy en la nieve,
y meto tripa cuando vienes y saco pecho
cuando vuelves a buscarme, a rescatarme de los viernes en los bares,
donde hay carne fresca siempre, puesta en venta en mal estado,
angelitos con tres copas, corazones rebajados,
aprobados en Septiembre raspados.

Eres mis sombra y mi luz, mi oeste y mi sur,
mi buena suerte.

Eres mi culazo, mi tía buena, mis quehaceres,
mi putita, mi conciencia y mis desdenes,
los andenes donde viajo, yo me bajaré en tu abrazo,
son más rápidas tus piernas que los trenes
y meto tripa cuando vienes y saco pecho
cuando vuelves a buscarme, a rescatarme de los viernes en los bares,
donde hay carne fresca siempre, puesta en venta en mal estado,
angelitos con tres copas, semi-amores rebajados,
aprobados en Septiembre raspados.

Eres mis sombra y mi luz, mi oeste y mi sur,
mi buena suerte.

Por eso ven, ven, ven, ven, ven,
yo aprenderé a vestirme por tus pies,
ven, ven, ven, ven, ven,
mi buena suerte.');
INSERT INTO "Canciones" VALUES(37,'Vagabundo millonario','',NULL,'','VAGABUNDO MILLONARIO


Hoy sopla el viento a mi favor y calma el escozor de mis heridas,
le han dado un premio a mi vida, un premio de consolación.
Ya he conseguido ser lo que siempre quise ser, vagabundo millonario,
con un jardín de estrellas cada anochecer en una casa sin tejado,
y algunos sueños rotos por somier.

Y una maleta con las gotas de lluvia que encontré
y unos zapatos remendados con poemas que os guardé.
Y así se pasan los días, se escurren de las manos como un pez.

Ya he conseguido hacer lo que siempre supe hacer, puzzles sobre un escenario,
Sigo cantando para haceros entender, sólo soy un chico de barrio,
pero tengo algunas cosas que ofrecer.

Una carpeta con las gotas de lluvia que encontré
y unos zapatos remendados con canciones que os guardé.
Y así se pasan los días, se escurren de las manos como un pez.

Ya he aprendido a ser un pescador de nubes de algodón,
el socorrista de mi helado corazón, 
el polizonte que viaja escondido en mi interior,
escondido en mi interior, escondido en mi interior.');
INSERT INTO "Canciones" VALUES(38,'Un amor sin estrenar','',NULL,'','UN AMOR SIN ESTRENAR



Ahora que te vas y estoy por fin soltero lo voy a celebrar,
me visto de guerrero, primero iré a cenar, apunte camarero:
De entrantes me da igual, de postre quiero el mundo entero.
Te vas y te juro que no estoy tan mal, aunque quizás si digo la verdad
tendría que aceptar la triste evidencia y decir que nuestros cuerpos
encajaban igual que dos piezas de Tetris lanzadas al azar
entre millones de seres de toda la ciudad,
pero es el momento de empezarte a olvidar.

Quiero caminar sonriendo entre la gente,
basta de llorar, de arreglar cuentas pendientes,
lo hecho hecho está, me merezco un amor sin estrenar.

Ahora que te vas y estoy por fin soltero me voy a concentrar,
mejor me desconecto, me empeño en escalar el muro de tu Facebook,
no voy a estrellarme en el abismo de los celos.
¡Venga, ya está!, hoy quemaré los bares, hoy voy a disparar
frases antitanque, tengo que ligar para que te me pases,
borrarte de mi mente con una chica-puente,
es el momento de empezarte a olvidar.

Quiero caminar sonriendo entre la gente,
basta de llorar, de arreglar cuentas pendientes,
lo hecho hecho está, me merezco un amor sin estrenar.

Ya me he dado cuenta, sé que el mundo da vueltas
y hay que subirse en marcha en el primer vagón.
Ya me he dado cuenta, el tiempo no regresa corazón.

Quiero caminar sonriendo entre la gente,
basta de llorar, de arreglar cuentas pendientes,
lo hecho hecho está, me merezco un amor sin estrenar.');
INSERT INTO "Canciones" VALUES(39,'Jorge I','',NULL,'','JORGE I


Yo soy de agua, tú eres de fuego, yo soy grande tú eres un guerrero,
como mi hermano te doy la mano eres mi rey Jorge I.
Desde la infancia esperé con ansia siempre un compañero,
estando juntos no temo al mundo y duele menos el paso del tiempo.
Y aunque siento que todo se perdió, en realidad lo mejor se salvó 
y no ha muerto, corazón de patata, la Historia es una errata
pero al amor no se lo lleva el viento, Jorge I, Jorge I.

La gran verdad es aquella que se oculta desnuda en el fondo de todas  las cunas, vamos creciendo, vamos mintiendo y olvidamos que siempre seremos pequeños, igual, igual, igual que aquella vez que te pegaron y no te pude defender a tiempo, quizá ya es tarde pero lo siento, es una herida que llevo en el cuerpo. Eres gigante, niño pequeño, duerme tranquilo, vigilo tus sueños, como mi hermano te doy las manos, eres mi rey Jorge I, Jorge I.

Da igual si estás en Rusia y yo en Australia, hay una línea imaginaria que nos ata, dos cabezas cuadriculadas, un código genético nos lleva hasta casa. El mundo es tondo, nadie se entera si las mentiras también son verdaderas, se fue el abuelo, se fue la abuela, quizá nos miran desde alguna frontera lejana, la vida no se acaba, algo de un cuerpo se irá a otro cuerpo, corazón de patata, la Historia es una errata pero al amor no se lo lleva el viento, Jorge I, Jorge I.');
INSERT INTO "Canciones" VALUES(40,'El rey de la pista','',NULL,'http://www.luisramiro.com/mp3/01 El Rey De La Pista.mp3','EL REY DE LA PISTA


Todas mis “ex” son del Madrid
Y yo soy del Atleti, sabes lo que quiero decir…

Metáfora perfecta para describir
que en esta puta vida hemos venido a sufrir,
aunque a veces me rebelo y exijo días buenos…

Hoy me siento más ligero y tengo kilos de más,
me va a importar un huevo lo que digan los demás,
qué mala es la envidia, soy el rey de la pista
y quiero bailar contigo, 

yo no tengo enemigos, sólo quiero sentirme vivo
y tú estás tan guapa esta noche con ese vestido de lino blanco, 
me rindo ante tus encantos, esta noche es nuestra la ciudad…

Y sé que a veces soy imbécil y hablo un poco de más,
hoy abriré la boca sólo para besar,
Los gatos del barrio cuchichean  celosos
porque te vas conmigo,

yo no tengo enemigos, sólo quiero sentirme vivo
y tú estás tan guapa esta noche con ese vestido de lino blanco, 
me rindo ante tus encantos, esta noche es nuestra la ciudad…

Voy a bajarte una estrella
del cartel luminoso de aquel hotel
donde iremos a hacernos la guerra
donde retaré al destino, es poco lo que le pido,
soy patoso pero atrevido y sólo quiero bailar, 
quiero bailar contigo, 

yo no tengo enemigos, sólo quiero sentirme vivo
y tú estás tan guapa esta noche con ese vestido de lino blanco, 
me rindo ante tus encantos, esta noche es nuestra la ciudad…


Todas mis “ex” son del Madrid,
Y yo soy del Atleti….');
INSERT INTO "Canciones" VALUES(41,'Todo lo que nunca hice bien','',NULL,'','TODO LO QUE NUNCA HICE BIEN

Hoy te quiero mucho menos que ayer, pero menos que mañana.
Me entretengo con mujeres que no quitan la sed, 
entrepiernas como telas de araña.
-¿Cuándo vas a crecer?- preguntaste aquella noche en una plaza.
Me quedé callado sin responder, me conoces demasiado, me has calado,
ya cumplí los treinta y tres. 

Pero yo sé que estarás bien, muy pronto alguien ocupará
mi espacio en tu cama, te abrazará como mereces cada mañana
y borrará en tu piel todo lo que nunca hice bien.

Ya no somos los muchachos de ayer ni seremos la pareja de mañana,
la inocencia solamente se pierde una vez, 
lo demás son tristes fotocopias malas.

Pero yo sé que estarás bien, muy pronto alguien ocupará
mi espacio en tu cama, te besará como mereces cada mañana
y enterrará en tu piel todo lo que nunca hice bien.

Pero yo sé que estaré bien, muy pronto alguien ocupará
tu espacio en mi cama, la abrazaré como merezca cada mañana
y escribiré en su piel todo lo que nunca hice bien.');
INSERT INTO "Canciones" VALUES(42,'Los 7 pecados','',NULL,'','Los siete pecados

Soberbia es ir contigo de la mano por el mercado, tocarte el culo cuando hay albañiles mirando, soberbia es ser más fuerte que la muerte si vas a mi lado…
Pereza es mirar desde la cama que te vas al trabajo, la tele encendida y tus ojos cerrados, querer dormir el sueño eterno contigo en un piso alquilado…
Gula porque eres mi menú del día y lo que sobre me lo como recalentado, gula como un vampiro, me sabe a sangre el rojo de tu pintalabios…
Envidia le tengo a tu esponja, a tu peine, a tu tanga…envidia le tengo al silencio cuando te quedas callada…
Ira por pegarle al sol si tema demasiado, porque si te vas soy un tigre encerrado, ira contra esos amantes que pueblan las fotos de tu pasado…
Avaricia porque no comparto tu risa y te compro hasta los besos que no has dado, avaro porque enterré las promesas que nunca te he dado…y ahora me faltan…
Los siete pecados capitales contigo me saben a poco, habrá que añadir en la biblia otros siete u ocho…y dejar un folio en blanco por si te inventas más…
Soberbia es cuando bailo un chotis agarrado a tus caderas, que son la envidia de todo mi barrio, pereza es tener que rezar cuando solamente creo en la cruz de tus brazos…
Ira es esa cosa que tiene tu padre porque sabe que no soy tu príncipe encantado, gula es hacerme un caldito con esos abrazos que t han sobrado…
Y el pecado que falta, cariño, te lo digo al oído y te lo enseño con las manos…mi pecado preferido me lo callo, que hay gente escuchando…y ahora me faltan…
Los siete pecados capitales contigo me saben a poco, habrá que añadir en la biblia otros siete u ocho…y dejar un folio en blanco por si te inventas más…');
INSERT INTO "Canciones" VALUES(43,'Puta','',NULL,'','Puta

Por quince mil te haré feliz,
sube conmigo, estas escaleras 
dan al verdadero cielo de Madrid,
y a mi, que me pierden los misterios ,
me deje coger del brazo y sonreí y dije que sí.

“¿Qué pasa, es que no has visto Pretty Woman?
mira no me des un beso corazón,
se nota que eres nuevo,
tu desnúdate que empieza la función”,
y así se nos fue pasando el tiempo
a esa hora en que el mundo se va a dormir,
un rato en las alturas para intentar ser feliz.

Me hablo de su pasado, yo le dije
que a mi a veces me llamaban cantautor
“aunque no seas Sabina,
¿me prometes que me harás una canción?
Pon que soy muy guapa y los defectos ni los nombres
que la vida no fue fácil para mi
y sobre que ''soy puta'',pero puta no nací”.

Y entre sus manos fui un niño perdido
y entre sus piernas aprendí a sobrevivir
luchando entre lo humano y lo divino
llegue a prender el alma y el cuerpo 
entre la espalda y su carmín

“Y tú haz lo que quieras con mi cuerpo
pero ten claro mi vida que lo de dentro
ni se alquila ni se paga ni se vende
ni se presta ni se deja ni se ofrece
por dinero, por dinero”.

“Búscate una chica que te cuide,
sabes que no te conviene repetir
ya va a pasar un año y no hay un mes
que no te pases por aquí.”

“No digas que es amor, si tú ni sabes lo que es eso
se que luego te ibas a olvidar de mi
mi próxima vida te la regalo 
pero esta no es para ti.”

Dejé pasar el tiempo, 
tuve novias que me dieron
los besos que les pedí,
besos a cambio de desengaños 
de rutinas y horarios para sentir,
el Club siempre esta abierto 
pero yo ya nunca entro,
aunque siempre que paso cerca de allí
la luz de su ventana esta encendida
y ya no me atrevo a subir.

Y entre sus manos fui un niño perdido
y entre sus piernas aprendí a sobrevivir
luchando entre lo humano y lo divino,
llegue a prender el alma y el sueldo 
entre su falda y su carmín.

“Y tú haz lo que quieras con mi cuerpo
pero ten claro mi vida que lo de dentro
ni se alquila ni se paga ni se vende
ni se presta ni se deja ni se ofrece
por dinero, por dinero”.');
INSERT INTO "Canciones" VALUES(44,'El mar ha muerto','',NULL,'','EL MAR HA MUERTO


El capitán salió del barco 
y vio que estaba en el desierto, 
nunca creyó que fuera cierto 
pero era así, el mar ha muerto. 

No se ha encontrado algún culpable 
quien haya sido aún esta suelto 
o fue la edad, tal vez el tiempo,
quizás  el mar murió de viejo
y están los peces llorando arena hoy en su entierro. 

Dicen que fue a abrazar al sol 
y se seco con su calor, 
cuentan que lo hizo por amor 
que lo hizo por amor, por amor.

Debéis oír lo que hay escrito, 
voy a leer su testamento: 
''Lego las olas al invierno, 
todo mi azul será del cielo, 
para la luna las mareas, 
para la lluvia mis secretos, 
mi espuma blanca en cada puerto, 
para la tierra irán mis huesos, 
para vosotros, los hombres, sólo dejo el recuerdo'' 

Dicen que fue a abrazar al sol 
y se seco con su calor 
cuentan que lo hizo por amor 
que lo hizo por amor, por amor');
INSERT INTO "Canciones" VALUES(45,'Empezar de cero','',NULL,'','EMPEZAR DE CERO.

Hoy voy a dejar que te marches,
si lo prefieres me marcho yo, 
piensas lo mismo aunque calles,
que distanciarnos será mejor.
Y aprenderé a jugar con otros cuerpos,
catálogos de carne sin tus huesos, 
y cuando mires el reloj y detengas el tiempo, 
me harás una señal, sabré que es el momento.

Y te vendré a buscar, te vendré a buscar,
Para volver a empezar de cero.

En el guión no habrá escenas de celos, 
serán las nuevas temporadas de lo nuestro,
y cuando entremos al plató, a tu casa de atrezzo, 
me harás una señal, sabré que es el momento…

Te vendré a buscar, te vendré a buscar,
Para volver a empezar de cero…

Solamente el tiempo, el tiempo lo dirá,
ráfagas de viento golpeando en el cristal
de cada recuerdo, de todo lo que hicimos mal,
qué importa eso, qué importa eso ya…

Si te vendré a buscar, te vendré a buscar,
Para volver a empezar de cero.

Oh Oh Oh, Oh Oh Oh Oh…');
INSERT INTO "Canciones" VALUES(46,'Dos coplas','',NULL,'','Dos coplas

Manuel, dicen que estuvo en la cárcel por rojo, mozo viejo, setenta y pocos, 
gastó sus años en los peldaños de su portería, llevando una vida 
entre fantasmas de amigos perdidos del barrio,
recuerdos de un tiempo lejano y unas cuantas mentiras.

Antonia, viuda, dos hijas y un alma tranquila, 
se han llenado de arrugas sus ojos entre calceta,
costura y las tardes en la cocina, 
y este invierno qué frío, qué frío, se van p´al cielo, 
si les sale barato y los dos sin pensar en futuros
se van p´al mar, con poca ropa y la ilusión  en las maletas.

Esa noche en el hotel hay fiesta, verbena, luces rojas, 
usted se llama Manuel y yo Antonia,
cuénteme su historia que vale la pena
 y si bailas conmigo morena se me quitan las penas
que tengo en el alma...

Y   en Benidorm cuando llegan las doce se oye 
el “Reloj no marques las horas”,
tú agárrate y no te sueltes cariño, 
que a esta vida le quedan dos coplas y yo quiero bailarlas contigo, 
y que se mueran de envidia las olas del mar, 
que si lloro es de felicidad por tenerte aquí al lado,
y volver a encender las hogueras de nuestros pecados.

De vuelta Madrid no es tan frío 
le cuenta en un banco del Retiro, 
me río yo de los que dicen que ya no es edad para amar, ¡mira tú!.
Y Antonia le mira con ojos rendidos y no dice nada, 
los meses que pasan, las tardes contigo, 
quién fuera a imaginar que el destino
un día de lluvia se llevó a nuestra Antonia,
y al entierro las hijas, los ye  rnos, el barrio entero,
y Manuel callado mirando p´al cielo...
me dijeron que no pasó de ese invierno,
que contaba que se iba con ella a bailar una copla en las nubes, 
que es allí donde no importa el tiempo...

Y   en Benidorm cuando llegan las doce se oye 
el “Reloj no marques las horas”,
tú agárrate y no te sueltes cariño, 
que a esta vida le quedan dos coplas y yo quiero bailarlas contigo, 
y que se mueran de envidia las olas del mar, 
que si lloro es de felicidad por tenerte aquí al lado,
y volver a encender las hogueras de nuestros pecados.

Y ahora yo cuando llegan las doce  
escucho el Reloj no marques las horas,
te pido que vengas conmigo
que a esta vida le quedan dos coplas y yo quiero bailarlas contigo,
y que se mueran de envidia las olas del mar, 
que si lloro es de felicidad por tenerte aquí al lado,
y volver a encender las hogueras de nuestros pecados.');
INSERT INTO "Canciones" VALUES(47,'Un muerto correcto','',NULL,'','Un Muerto Correcto

Eligieron la fecha y el lugar para celebrar mi funeral,
Prometí estar callado, no portarme mal.
Acordaron que me iban a enterrar en el panteón municipal
Junto a condes y toreros, lo más chic de la eternidad.

Intenté ser un muerto correcto, vestido de negro y con flores en el pecho, tres mujeres vinieron pero sólo una lloró, era alérgica a los crisantemos.

Mi ataúd con piscina no está mal, tengo hasta un estudio musical,
Voy grabando discos nuevos, los artistas muertos venden más.
Desde aquí puedo veros sin miedo, ya he descubierto a los que en vida me quisieron con mis fallos aciertos, con mi torpe timidez, mis complejos verdaderos.

Oh Oh Oh Oh Oh Oh Lo sobrenatural
Oh Oh Oh Oh Oh Oh No está tan lejos
Oh Oh Oh Oh Oh Oh Venidme a visitar

Y a veces en el panteón de noche oigo un susurro y no es tu voz, no es tu voz, quizás es mi conciencia la que dice que lo pude hacer mejor, mucho mejor. Debí haberte querido más, cuando aún estaba vivo, pero ya es tarde.

Oh Oh Oh Oh Oh Oh Lo sobrenatural
Oh Oh Oh Oh Oh Oh No está tan lejos
Oh Oh Oh Oh Oh Oh Venidme a visitar

Si queréis me podéis etiquetar, id a mi “Deadbook” a husmear,
Voy colgando fotos nuevas, lo normal.
Me despido que llego tarde ya a la fiesta que da una celebridad, el mejor alcalde que hubo en mi ciudad.');
INSERT INTO "Canciones" VALUES(48,'El tiovivo','',NULL,'','Tiovivo

Ricardo se nos ha enamorado de María,
Maria no le quita los ojos a Miguel,
y éste llora en un parque por Lucía
y mientras Lucía se come las uñas pensando en Juan Manuel,
sin saber que él ahora estará con Carmen
pero Carmen quisiera estar con Daniel,
y Daniel está recordando a Elvira
y Elvira se está acordando de Andrés.

Un clavo saca otro clavo y si tú te desesperas
ten muy claro que el tiovivo nunca para de dar vueltas.
Y si hoy las flores se secan, tu sal ya de tu trinchera 
y tira al suelo las recetas, que mañana es primavera.

Remedios ha soñado esta noche con Alberto
y Alberto sueña despierto con David,
pero David no es feliz si no es contigo,
y tu te pasas el tiempo con Raquel, 
pero Raquel siempre quiso a su primo,
aquel que se casó con Maribel,
y Maribel ahora quiere volver conmigo,
y yo siempre pensando en...
y yo escribiéndole canciones a ...
y yo llamando y colgando y callando y sufriendo por no estar con...


Un clavo saca otro clavo y si tú te desesperas
ten muy claro que el tiovivo nunca para de dar vueltas.
Y si hoy las flores se secan, tu sal ya de tu trinchera 
y tira al suelo las recetas, que mañana te lo encuentras
cuando menos te lo esperas

en un bar, en la calle, en la discoteca,
en el mercado, en un paso de cebra,
en una esquina, en la playa nudista,
en un cine, en un chat o en la oficina, 
en un carnaval o en la peluquería,
en un museo, un avión, en un parque, 
en un gimnasio, en un restaurante,
en un sex-shop, en la junta de vecinos,
en un concierto de un tal Luis Ramiro,
mira que el amor siempre llega y no avisa,
y si te dejan ponte otra camisa
que mañana…

Un clavo saca otro clavo y si tú te desesperas
ten muy claro que el tiovivo nunca para de dar vueltas.
Y si hoy las flores se secan, tu sal ya de tu trinchera 
y tira al suelo las recetas, que mañana es primavera.');
INSERT INTO "Canciones" VALUES(49,'Besos de hilo','',NULL,'','BESOS DE HILO


Cuando piense en volver puede que tú ya sepas que no ha merecido la pena correr y arañarnos los pies desandando caminos que dejé sin barrer, me miraste a los ojos de niño escondido sin dejarme crecer ni un momento contigo, sin soplar tu pastel.

Y ahora duermes con él y las fotos me miran y cuando las miro se moja el papel con las lágrimas de otros que te han conocido y no se si creer en momentos perdidos, en besos de hilo, tejiendo una red que nos deja morirnos de pena y de sed, de pena de sed.

Y ahora duermes con él y la cama se rompe en pedazos y el mundo se vuelve pared y ahora duermes con él.

Y me acuerdo de ayer, las ciudades perfectas a cámara lenta se ven desde el tren, y la banda sonora es un ruido de olas y choques de piel, repitiendo tu nombre por todos los puertos, buscando tu voz por los bares desiertos, volviendo a perder,
volviendo a perder.

Y ahora duermes con él y la luna se rompe en pedazos y el mundo se vuelve pared.
Y ahora duermes con él y el silencio se cuela en canciones que nunca supiste entender.

Y ya no hay nada en el salón, sólo un espejo roto,
sólo una nube gris, sólo hay aire entre los dos.
Una polilla entre la luz mirándome a los ojos
y hablándome de ti, ahogándome en el mar de tus despojos…

Y ahora duermes con él y la luna se rompe en pedazos y el mundo se vuelve pared.
Y ahora duermes con él y el silencio se cuela en canciones que nunca supiste entender.
Y ahora duermes con él y el invierno se instala en los brazos, la escarcha nos cubre la piel.
Y ahora duermes con él, y la luna me explota en la cara.

Cuando piense en volver.');
INSERT INTO "Canciones" VALUES(50,'Sincero','',NULL,'','SINCERO

Tengo miedo a que pase el tiempo y se derrumben mis cimientos, a que a veces la ciudad me vuelva tan pequeño, a que cada despedida sea un golpe de invierno.
Tengo miedo a la mediocridad que habita en mis espejos, cerrar los ojos y no despertar de nuevo, nos miedo a la muerte,
es fobia a los entierros.

Soy un cerdo, que mis canciones de amor se vayan al infierno, no importa lo que haces, sólo importa hacerlo, llevamos la verdad impresa en cada hueso.
Torpe ingenuidad es la de ocultar que no somos eternos, que la vida seguirá sola en los aeropuertos, no me llaméis triste,
sólo soy sincero.

Sincero por las cosas que he perdido, 
sincero por los ratos que vendrán,
sincero porque se que hay mil caminos
y todos finalizan en el mar.

Tengo miedo a la mediocridad que habita en mis espejos, cerrar los ojos y no despertar de nuevo, nos miedo a la muerte,
es fobia a los entierros.');
INSERT INTO "Canciones" VALUES(51,'Mariposas imposibles','',NULL,'','MARIPOSAS IMPOSIBLES

Ya lo se, las cosas imposibles nunca salen bien, 
cuando era sólo un niño lo empecé a entender,
esguinces en el alma y las rodillas de tanto correr
detrás de mariposas imposibles, 
poniéndole a las nubes imperdibles,
fabricando un cielo a mi medida en la pared. 
Crecer es aprender a convivir con el miedo a envejecer
y se que aunque por fuera todo cambie, al final

Seguiremos siendo eternos, eternos,
confía en que todo salga bien.
Seguiremos siendo eternos, eternos 
mientras moje la lluvia nuestra piel,
seguiremos siendo eternos, eternos, eternos,
mientras sigamos en pie.

Quisimos correr detrás de mariposas imposibles
igual que superhéroes invencibles,
somos el reflejo de aquello que quisimos ser.

y se que aunque por fuera todo cambie, al final

Seguiremos siendo eternos, eternos,
confía en que todo salga bien.
Seguiremos siendo eternos, eternos 
mientras moje la lluvia nuestra piel,
seguiremos siendo eternos, eternos, eternos,
mientras sigamos en pie.

No me voy a quedar en un banco a esperar 
la llegada de Dios ni mi juicio final,
ni a que arda París, ni alguien para dormir,
es mejor disfrutar solos la soledad.
Voy a guardar cada sello de todas las cartas 
que no escribiremos, voy a mandarlas al cielo,
a enviar el mundo por correo.
Cuando llegue al buzón de tu casa 
nunca tuerzas la cara ni preguntes que pasa, no,
son mariposas al vuelo para que caces en sueños,
son mariposas al vuelo para que caces en sueños,
para que caces en sueños, para que caces en sueños.');
INSERT INTO "Canciones" VALUES(52,'Annie Hall (con L.E Aute)','',NULL,'','Annie Hall


Camino de noche por las calles, parece Nueva York pero es Madrid, 
si yo fuera Al Pacino seguramente tú estarías aquí, 
me falta un buen padrino y el valor para decirte ''ya no soy feliz''.

Este guión absurdo no lo he escrito yo, 
no soy Woody Allen ni tú Annie Hall, 
me faltan gafas grandes y volar a Los Angeles sólo por amor, 
sólo por amor, igual que un buen actor, 
no tengo tanta clase y me faltan clases de interpretación.

Confundo Manhattan con mi barrio, será el Empire State o el Pirulí, 
si yo fuera De Niro te haría una llamada desde aquí, 
tendría un buen motivo y la frase para hacerte sonreír.

El plano fijo no es tu cuerpo en mi colchón, 
falta el barrio chino y un callejón  cubierto de humo blanco,
y en el puerto algún barco para escapar los dos.


A este final le falta brillo y emoción, 
un taxi amarillo, una persecución, 
tú y yo bajo la lluvia arañando la luna sólo por amor, 
sólo por amor, sería un gran guión, 
me falla el personaje y me faltan clases de interpretación, de interpretación.');
INSERT INTO "Canciones" VALUES(53,'En círculos','',NULL,'','EN CIRCULOS

Ya no hay vuelta atrás, es ley natural, lo que terminó no puede empezar y se hunde a pedazos el salón mientras suena una vieja canción, la que cantábamos a gritos los dos, el tiempo rompió el último adiós.

Y llorar y llorar llenando el fondo del mar
y dejar que el mundo gire, volar en círculos,
habrá que engañar al vértigo.

Ya encontré el lugar, vamos a viajar a lomos de un dragón,
tú mete en tu mochila el sol, un viento gris, un corazón,
un par de mantas y colchón.

Y llorar y llorar llenando el fondo del mar
y dejar que el mundo gire, volar en círculos,
habrá que engañar al vértigo.
Desde aquí la ciudad es sólo asfalto y metal 
y un millar de hormigas yendo al compás
en círculos tratando de huir del vértigo.

Tú agárrate, llega un temblor, no has de temer,
aquí estoy yo, no has de temer, que ya pasó.

Y llorar y llorar llenando el fondo del mar
y dejar que el mundo gire, volar en círculos,
habrá que engañar al vértigo.
Desde aquí la ciudad es sólo asfalto y metal 
y un millar de hormigas yendo al compás
en círculos tratando de huir del vértigo.');
INSERT INTO "Canciones" VALUES(54,'Celos retroactivos','',NULL,'','CELOS RETROACTIVOS

Te lo dije muy claro, no quiero conocer las medallas que has ganado con tus amantes del pasado.
No me cuentes lo que hiciste ayer, es un juego malsano, visualizarte en otras camas puede llegar a ser el peor de mis calvarios.

Tiran a dar como un puñal tus palabras en mi ombligo,
Tu estás loca y yo estoy loco de atar por mis celos retroactivos, retroactivos.

No creo en el amor pecera, prefiero el mar, ver que nadas libre a mi lado, no voy a espiar tu móvil ni a llamar a las seis, (mi miedo es más rebuscado) saber con quién has bailado.

La sinceridad total mi amor, es un campo minado, también yo tengo mi diario de marcas en la piel y nunca voy a contarlo.

Tiran a dar como un puñal tus palabras en mi ombligo,
Tu estás loca y yo estoy loco de atar por mis celos retroactivos, retroactivos.

Es mi inseguridad, te resumo en una frase y me voy ya:  que voy a decirte que no sepas ya.
No es un buen plan desenterrar los fantasmas del olvido.

Tiran a dar como un puñal tus palabras en mi ombligo,
tiran a dar como un puñal tus palabras en mi ombligo,
tu estás loca y yo estoy loco de atar por mis celos retroactivos, 
tu estás loca y yo estoy loco de atar por mis celos retroactivos, retroactivos.');
INSERT INTO "Canciones" VALUES(55,'El monstruo del armario','',NULL,'http://www.luisramiro.com/mp3/01 El Mostruo del Armario.mp3','EL MONSTRUO DEL ARMARIO

Me dijo: “tengo un monstruo en el armario, tendrás que acompañarme hasta la cama. No pienses que estoy loca, no es mi caso, son restos de una infancia mal curada”.
-“Tranquila, con los miedos no se juega y a mi la oscuridad ya no me asusta, termínate la copa y vamos fuera, no voy a abandonarte a estas alturas”.
Perdimos siete taxis por Gran Vía, rompió el tacón de aguja de un zapato, pedimos fuego a un par de policías, pusimos a la ley de nuestro lado. Debajo de un gris bloque de oficinas le confesé: “me estoy enamorando, tranquila es el alcohol que me domina, mañana se que se me habrá pasado”.

Los mejores desengaños son las noches de una noche,
cuando juegan dos extraños a quererse medio en serio y sin reproches, “tú haz como si me conocieras, 
yo fingiré que me conoces”.

Rompió el amanecer contra su cama, me fui sin despertarla, de puntillas, dejé una nota encima de la almohada: “tu monstruo del armario era mentira”.
Pasaron más mujeres por mi vida, ya siempre miro en todos los armarios y sólo hallo el fantasma de la herida que me dejó el tacón de aquel zapato.
Y ahora pierdo taxis por Gran Vía y rezo de reojo por si acaso
la encuentro persiguiendo a un policía, riendo como loca calle abajo. 
Debajo de aquel bloque de oficinas me arrepentí de no haberle dejado mi número apuntado en una esquina de aquella torpe y triste nota del pasado.

Los mejores desengaños son las noches de una noche,
cuando juegan dos extraños a quererse medio en serio y sin reproches, “tú haz como si me conocieras, 
yo fingiré que me conoces”.

Me dijo: “tengo un monstruo en el armario, tendrás
que acompañarme hasta la cama”.');
DROP TABLE IF EXISTS "Conciertos";
CREATE TABLE "Conciertos" (
"ID_Concierto" INTEGER,
"Titulo" VARCHAR,
"Descripcion" VARCHAR,
Imagen VARCHAR, 
ID_Sede INTEGER,
"Fecha" VARCHAR, 
"Hora" VARCHAR, 
Precio VARCHAR);
INSERT INTO "Conciertos" VALUES(28,'(null)','','http://www.luisramiro.com/images/CONCIERTOS_28.jpg',14,'20140322','22:30','');
INSERT INTO "Conciertos" VALUES(30,'(null)','','http://www.luisramiro.com/images/CONCIERTOS_30.jpg',12,'20140328','21:00','10e');
INSERT INTO "Conciertos" VALUES(33,'(null)','','',15,'20140404','22:00','10e');
INSERT INTO "Conciertos" VALUES(34,'(null)','','',16,'20140425','22:30','10e');
INSERT INTO "Conciertos" VALUES(35,'(null)','','',19,'20140906','20:00','10e');
INSERT INTO "Conciertos" VALUES(36,'(null)','','',18,'20140523','22:30','10e');
INSERT INTO "Conciertos" VALUES(37,'(null)','','',20,'20140607','20:45','10e');
INSERT INTO "Conciertos" VALUES(38,'(null)','','',21,'20140426','22:00','10e');
INSERT INTO "Conciertos" VALUES(39,'(null)','','',17,'20140516','21:30','12e');
INSERT INTO "Conciertos" VALUES(40,'(null)','','',22,'20140308','22:00','10e');
INSERT INTO "Conciertos" VALUES(41,'(null)','','',23,'20140509','22:00','10e');
INSERT INTO "Conciertos" VALUES(42,'(null)','Concierto acústico.','',24,'20140530','21:30','10e');
INSERT INTO "Conciertos" VALUES(43,'(null)','Concierto acústico guitarra y piano.  Entradas YA a la venta en sala. Aforo limitado, sólo 100 entradas a la venta. La sala abre a las 17:00 cada día.','',25,'20140415','21:30','12e');
INSERT INTO "Conciertos" VALUES(44,'(null)','RECITAL DE POEMAS. Hora: 21:00 - Llevaré mi nuevo libro para vender y cantaré un par de canciones al final. ENTRADA GRATUITA.','',26,'20140405','21:00','GRATUITO');
INSERT INTO "Conciertos" VALUES(45,'(null)','Concierto acústico. Entradas Próximamente a la venta. Hora: 22:00','',27,'20140606','22 : 00','10e');
INSERT INTO "Conciertos" VALUES(46,'(null)','CONCIERTO ACÚSTICO. Reserva de entradas 915377557 (desde una semana antes). Entradas se venden en puerta directamente.','',12,'20140527','2100','10e');
DROP TABLE IF EXISTS "Conciertos_old";
CREATE TABLE "Conciertos_old" ("ID_Concierto" INTEGER PRIMARY KEY  AUTOINCREMENT  NOT NULL  UNIQUE , "Fecha_Desde" VARCHAR, "Fecha_Hasta" VARCHAR, "Hora_Desde" VARCHAR, "Hora_Hasta" VARCHAR, "Titulo" VARCHAR, "Descripcion" VARCHAR, "Sede_calle" VARCHAR, "Sede_numero" VARCHAR, "Sede_piso" VARCHAR, "Sede_cp" VARCHAR, "Sede_Localidad" VARCHAR, "Sede_provincia" VARCHAR, "Sede_pais" VARCHAR, "Sede_logo" VARCHAR, "Sede_aforo" INTEGER, "Sede_latitud" VARCHAR, "Sede_longitud" VARCHAR, "Precio" VARCHAR DEFAULT 10, "Sede_nombre" VARCHAR, "Fecha_Ultima_Modificacion" VARCHAR);
INSERT INTO "Conciertos_old" VALUES(1,'20131012','20131012','210000','240000','Concierto en TEATROS DEL CANAL','Concierto especial con invitados, banda y cuarteto de cámara Varios precios. Entradas en www.teatroscanal.com','Calle Cea Bermúdez','1',' ','28003','Madrid','Madrid',' ',' ',' ','40.4648903','-3.6735243',' ','Teatros Canal','20131001120000');
INSERT INTO "Conciertos_old" VALUES(2,'20131019','20131019','220000','240000','Concierto en SALA DELUXE','Concierto acústico. Entradas ya a la venta en la sala (Horario apertura de sala miercoles 21:30. Jueves y sabado 23:30. Viernes 22:30.','C/Poeta Mas y Ros','42',' ',' ','Valencia','Valencia',' ',' ',' ','39.4701022','-0.3475047','10','Sala Deluxe','20131001123241');
INSERT INTO "Conciertos_old" VALUES(3,'20131025','20131025','223000','240000','Concierto en SALA LA PUERTA FALSA','Concierto acústico, guitarra y piano. Entradas YA a la venta en la propia sala (Abren todos los dias a las 19h). Reservas llamando a la sala 868 93 11 80','C/Martín de Porres','1',' ',' ','Murcia','Murcia',' ',' ',' ','37.9887338','-1.1259521','10','Sala La puerta Falsa
Sala la Puerta Falsa','20131001123241');
INSERT INTO "Conciertos_old" VALUES(4,'20131026','20131026','223000','240000','Concierto en SALA Mulligan´s.','Entradas proximamente a la venta en la sala','C/Tomás López Torregrosa','1',' ',' ','Alicante','Alicante',' ',' ',' ','38.3468437','-0.4848278','10','Sala Mulligan´s.','20131001123241');
INSERT INTO "Conciertos_old" VALUES(5,'20131108','20131108','220000','240000','Concierto en SALA The Times','Entradas proximamente a la venta en sala. Tfno 656819917 ','Paseo Federido García Lorca','1',' ',' ','Santa María de Benquerencia','Toledo',' ',' ',' ','39.8751589958322','-3.93962860107422','10','Sala The Times','20131001123241');
INSERT INTO "Conciertos_old" VALUES(6,'20131109','20131109','220000','240000','Concierto en SALA Pachamama','Concierto acústico. Entradas en puerta y en sala una semana antes.','C/Huertos','1',' ',' ','Ciudad Real','Ciudad Real',' ',' ',' ','38.9870412','-3.9268226','10','Concierto en Sala Pachamama','20131001123241

20131001123241');
INSERT INTO "Conciertos_old" VALUES(7,'20131116','20131116','210000','240000','Concierto en SALA La Estacion','Concierto acústico. Entradas en puerta.','C/Peral','34',' ',' ','Sevilla','Sevilla',' ',' ',' ','37.4021498','-5.992729','10','Sala La Estacion
Sala La Estacion','20131001123241');
INSERT INTO "Conciertos_old" VALUES(8,'20131120','20131120','213000','240000','Concierto en Cafe Corrillo','Concierto acústico. Entradas en puerta.','C/Melendez','18',' ',' ','Salamanca','Salamanca',' ',' ',' ','40.9635976','-5.6658215','10','Cafe Corrillo','20131001123241');
DROP TABLE IF EXISTS "Disco_Cancion";
CREATE TABLE "Disco_Cancion" ("ID_DISCO" INTEGER, "ID_CANCION" INTEGER, "NUM_CANCION" INTEGER);
INSERT INTO "Disco_Cancion" VALUES(3,5,1);
INSERT INTO "Disco_Cancion" VALUES(3,6,2);
INSERT INTO "Disco_Cancion" VALUES(3,7,3);
INSERT INTO "Disco_Cancion" VALUES(3,8,4);
INSERT INTO "Disco_Cancion" VALUES(3,9,7);
INSERT INTO "Disco_Cancion" VALUES(3,10,8);
INSERT INTO "Disco_Cancion" VALUES(3,11,9);
INSERT INTO "Disco_Cancion" VALUES(3,12,10);
INSERT INTO "Disco_Cancion" VALUES(3,13,11);
INSERT INTO "Disco_Cancion" VALUES(3,14,12);
INSERT INTO "Disco_Cancion" VALUES(3,15,5);
INSERT INTO "Disco_Cancion" VALUES(3,16,6);
INSERT INTO "Disco_Cancion" VALUES(4,17,1);
INSERT INTO "Disco_Cancion" VALUES(4,18,2);
INSERT INTO "Disco_Cancion" VALUES(4,19,3);
INSERT INTO "Disco_Cancion" VALUES(4,20,4);
INSERT INTO "Disco_Cancion" VALUES(4,21,5);
INSERT INTO "Disco_Cancion" VALUES(4,22,6);
INSERT INTO "Disco_Cancion" VALUES(4,23,7);
INSERT INTO "Disco_Cancion" VALUES(4,24,9);
INSERT INTO "Disco_Cancion" VALUES(4,25,10);
INSERT INTO "Disco_Cancion" VALUES(4,26,11);
INSERT INTO "Disco_Cancion" VALUES(4,27,12);
INSERT INTO "Disco_Cancion" VALUES(4,28,13);
INSERT INTO "Disco_Cancion" VALUES(4,29,14);
INSERT INTO "Disco_Cancion" VALUES(5,30,11);
INSERT INTO "Disco_Cancion" VALUES(5,31,10);
INSERT INTO "Disco_Cancion" VALUES(5,32,9);
INSERT INTO "Disco_Cancion" VALUES(5,33,8);
INSERT INTO "Disco_Cancion" VALUES(5,34,7);
INSERT INTO "Disco_Cancion" VALUES(5,35,6);
INSERT INTO "Disco_Cancion" VALUES(5,36,5);
INSERT INTO "Disco_Cancion" VALUES(5,37,4);
INSERT INTO "Disco_Cancion" VALUES(5,38,3);
INSERT INTO "Disco_Cancion" VALUES(5,39,2);
INSERT INTO "Disco_Cancion" VALUES(5,40,1);
INSERT INTO "Disco_Cancion" VALUES(6,41,15);
INSERT INTO "Disco_Cancion" VALUES(6,42,14);
INSERT INTO "Disco_Cancion" VALUES(6,43,13);
INSERT INTO "Disco_Cancion" VALUES(6,44,12);
INSERT INTO "Disco_Cancion" VALUES(6,45,11);
INSERT INTO "Disco_Cancion" VALUES(6,46,10);
INSERT INTO "Disco_Cancion" VALUES(6,47,9);
INSERT INTO "Disco_Cancion" VALUES(6,48,8);
INSERT INTO "Disco_Cancion" VALUES(6,49,7);
INSERT INTO "Disco_Cancion" VALUES(6,50,6);
INSERT INTO "Disco_Cancion" VALUES(6,51,5);
INSERT INTO "Disco_Cancion" VALUES(6,52,4);
INSERT INTO "Disco_Cancion" VALUES(6,53,3);
INSERT INTO "Disco_Cancion" VALUES(6,54,2);
INSERT INTO "Disco_Cancion" VALUES(6,55,1);
DROP TABLE IF EXISTS "GaleriaFotos";
CREATE TABLE "GaleriaFotos" ("ID_Foto" INTEGER PRIMARY KEY  AUTOINCREMENT  NOT NULL , "Url_Foto" VARCHAR, "Categoria_Foto" VARCHAR, "Fecha_Ultima_Modificacion" VARCHAR);
INSERT INTO "GaleriaFotos" VALUES(1,'http://www.luisramiro.com/Fotos/131.jpg',' ','20131020123241');
INSERT INTO "GaleriaFotos" VALUES(2,'http://www.luisramiro.com/Fotos/13.jpg',' ','20131020123241');
INSERT INTO "GaleriaFotos" VALUES(3,'http://www.luisramiro.com/Fotos/91.jpg',' ','20131020123241');
INSERT INTO "GaleriaFotos" VALUES(4,'http://www.luisramiro.com/Fotos/121.jpg',' ','20131020123241');
INSERT INTO "GaleriaFotos" VALUES(5,'http://www.luisramiro.com/Fotos/291.jpg',' ','20131020123241');
INSERT INTO "GaleriaFotos" VALUES(6,'http://www.luisramiro.com/Fotos/joy-marino%20y%20paco.jpg',' ','20131020123241');
INSERT INTO "GaleriaFotos" VALUES(7,'http://www.luisramiro.com/Fotos/joy-confetti.jpg',' ','20131020123241');
DROP TABLE IF EXISTS "Poemas";
CREATE TABLE "Poemas" ("ID_Poema" INTEGER PRIMARY KEY  AUTOINCREMENT  NOT NULL , "Titulo" VARCHAR, "Fecha" VARCHAR, "Poema" VARCHAR);
INSERT INTO "Poemas" VALUES(1,'Poema 1','20130101124500','No es verdad angel de amor ,que en esta apartado orilla, mas pura la luna brilla y se respira mejor, y como no tengo ni idea de poesia me lo invento que le da mas valia, y cuenta la leyenda que en el espacio la ultima frontera, estos son los viajes del Enterprise, su mision... ir audzamente donde ningun hombre ha ido jamas ya que hace mucho mucho tiempo en una galaxia muy muy lejana estaba el emperador luchando contra los jedis y llego flash gordon y la lio parda, pero parda parda, tanto que Sole casi le da con el Meshero pero lo importante es que David el gnomo, que tiene 7 veces mas fuerza que tu y siempre esta de buen humor lo apaño y oliver y benji pudieron jugar al futboll');
INSERT INTO "Poemas" VALUES(2,'Mariposas Imposibles','20131104','Mejor será creer en los dragones,
en grandes superhéroes invencibles,
mejor seguir soñando con leones
que cazan mariposas imposibles.
 
Los Reyes Magos nunca son los padres,
no dejes que te engañe un torpe adulto,
prefieren que enmudezcas a que ladres,
la infancia que se alarga es un insulto.
 
Y yo sigo creyendo en Don Quijote,
en locos como aquellos los de antes,
en Sanchos gobernantes de su islote.
 
Reniego de los cuerdos dominantes,
yo tengo un corazón que sigue a flote,
yo sé que los molinos son gigantes.
');
INSERT INTO "Poemas" VALUES(3,'Los Amantes','20131104220500','Reniego del bodorrio y de su fiestas,
de sus lunas de miel con sacarina,
si el cura ante el altar pide respuestas
enmudezco seguro de una angina .
 
El miedo a dormir solo, sin pareja,
consigue que casarse esté de moda,
los cuentos que no tienen moraleja
empiezan, casi siempre, en una boda.
 
Yo sólo puedo darte un caramelo,
paraguas invisibles si hay tormenta,
tejer con piel de sueños tu desvelo,
 
pintarte un mar con olas y diamantes,
bajar tu falda sin subirte el velo,
amarte como se aman los amantes.');
INSERT INTO "Poemas" VALUES(4,'Tu Cuerpo','20131104220100','Peinados, maquillaje, rayos uva,
tacones, minifaldas y ligueros,
colgantes de platino en la cintura,
bolsitos que parecen monederos.
 
Pulseras, tatuajes y algún piercing
colgado en ciertas partes invisibles,
sombrero, silicona con un lifting
y mechas de colores imposibles.
 
Anillos de casada y de soltera,
escotes con abismo y precipicio,
tanguitas como líneas de frontera.
 
No pidas hoy, amor, que me conforme,
tu carne es estandarte sin bandera,
tu cuerpo es más verdad sin uniforme.');
INSERT INTO "Poemas" VALUES(5,'Verano Madrileño','20131104220200','Madrid se vuelve loca los veranos,
el sexo se respira en las terrazas,
no vamos a ser buenos ciudadanos,
manchémonos de besos por las plazas.
Los vicios peligrosos son los sanos,
no sirven castidades ni corazas,
hoy a mi corazón le crecen manos
que suben por tu falda si me abrazas.
Que siga la ciudad en movimiento,
que siga con su ruido y con su furia,
sus coches, su veneno y su alimento.
Tu cuerpo es un escudo antipenuria,
vayámonos un rato de este cuento,
cambiemos la desidia por lujuria.');
DROP TABLE IF EXISTS "Sedes";
CREATE TABLE Sedes (
ID_Sede INTEGER,
Sede_nombre VARCHAR, 
Sede_calle VARCHAR, 
Sede_numero VARCHAR, 
Sede_piso VARCHAR, 
Sede_cp VARCHAR, 
Sede_Localidad VARCHAR, 
Sede_provincia VARCHAR, 
Sede_pais VARCHAR, 
Sede_Imagen VARCHAR, 
Sede_latitud VARCHAR, 
Sede_longitud VARCHAR);
INSERT INTO "Sedes" VALUES(12,'Sala Galileo Galilei','Galileo','100','(null)','(null)','(null)','Madrid','España','http://www.luisramiro.com/images/SEDES_12.jpg','40.4385558','-3.7098336000000245');
INSERT INTO "Sedes" VALUES(13,'Café Cicato','Veracruz','17','(null)','(null)','(null)','Ciudad Real','España','http://www.luisramiro.com/images/SEDES_13.jpg','','');
INSERT INTO "Sedes" VALUES(14,'Pub Sonar','Rúa Mazaruelos','4','(null)','(null)','(null)','Santiago','España','http://www.luisramiro.com/images/SEDES_14.jpeg','42.8776517','-8.542591799999968');
INSERT INTO "Sedes" VALUES(15,'Sala dELUXE pop','Poeta Mas y Ros','42','(null)','(null)','(null)','Valencia','España','http://www.luisramiro.com/images/SEDES_15.jpeg','39.47009070000001','-0.34755470000004607');
INSERT INTO "Sedes" VALUES(16,'La Puerta Falsa','Calle de San Martín','5','(null)','(null)','(null)','Murcia','España','http://www.luisramiro.com/images/SEDES_16.jpg','37.9890865','-1.126067599999942');
INSERT INTO "Sedes" VALUES(17,'Sala Fizz','Carrer de Balmes','83','(null)','(null)','(null)','Barcelona','España','http://www.luisramiro.com/images/SEDES_17.jpg','41.3910237','2.160235499999999');
INSERT INTO "Sedes" VALUES(18,'Sala Liceo Café','Juan Diges Anton','6','(null)','(null)','(null)','Guadalajara','España','http://www.luisramiro.com/images/SEDES_18.jpg','40.6283494','-3.1677190000000337');
INSERT INTO "Sedes" VALUES(19,'Sala Cotton Club','Gregorio de la Revil','25','(null)','(null)','(null)','Vizcaya','España','http://www.luisramiro.com/images/SEDES_19.png','43.26015900000001','-2.9402050999999574');
INSERT INTO "Sedes" VALUES(20,'Sala Black Bird','Vista alegre','13, Bajo','(null)','(null)','(null)','Santander','España','http://www.luisramiro.com/images/SEDES_20.jpg','43.4650341','-3.8099551999999903');
INSERT INTO "Sedes" VALUES(21,'Sala Hot Beach','Muelle poniente','6 - local 5','(null)','(null)','(null)','Alicante','España','http://www.luisramiro.com/images/SEDES_21.jpg','38.3438926','-0.4850407000000132');
INSERT INTO "Sedes" VALUES(22,'Café Cicato','Veracruz','17','(null)','(null)','(null)','Ciudad Real','España','http://www.luisramiro.com/images/SEDES_22.jpg','39.1593817','-3.0210300999999617');
INSERT INTO "Sedes" VALUES(23,'Sala Chamberí','De los Hidalgos','3','(null)','(null)','(null)','Ciudad Real','España','http://www.luisramiro.com/images/SEDES_23.jpg','38.9846846','-3.9238996999999927');
INSERT INTO "Sedes" VALUES(24,'La Nueva Estación','Peral','34','(null)','(null)','(null)','Sevilla','España','http://www.luisramiro.com/images/SEDES_24.jpg','37.4021552','-5.992755699999975');
INSERT INTO "Sedes" VALUES(25,'Libertad 8','Libertad','8','(null)','(null)','(null)','madrid','España','http://www.luisramiro.com/images/SEDES_25.jpg','40.4207059','-3.697353900000053');
INSERT INTO "Sedes" VALUES(26,'Bar Aleatorio','Ruiz','7','(null)','(null)','(null)','madrid','España','http://www.luisramiro.com/images/SEDES_26.jpeg','40.4279159','-3.704013400000008');
INSERT INTO "Sedes" VALUES(27,'Sala Nunca Jamás','Pza del Paraguas','','(null)','(null)','(null)','Asturias','España','http://www.luisramiro.com/images/SEDES_27.jpg','','');
DROP TABLE IF EXISTS "discos";
CREATE TABLE `discos` (
  `ID_DISCO` int(11) NOT NULL,
  `TITULO` varchar(300) DEFAULT NULL,
  `DISCOGRAFICA` varchar(300) DEFAULT NULL,
  `FECHA` varchar(8) DEFAULT NULL,
  `DESCRIPCION` varchar(300) DEFAULT NULL,
  `ULTIMAMOD` varchar(20) DEFAULT NULL, "Url_Imagen" VARCHAR,
  PRIMARY KEY (`ID_DISCO`)
);
INSERT INTO "discos" VALUES(3,'Castigado en el cielo','Sony','2007','CD',NULL,'(null)');
INSERT INTO "discos" VALUES(4,'Dramas y Caballeros','Relocos Records','2009','CD + DVD',NULL,'(null)');
INSERT INTO "discos" VALUES(5,'El mundo por delante','Clever Music','2011','CD Edición grande',NULL,'(null)');
INSERT INTO "discos" VALUES(6,'El monstruo del armario','Clever Music','2013','CD',NULL,'(null)');
